Flows,Throughput,Throughput CPU,RR,RR CPU
1,33.8695152220141,63.0513544122145,30813.73,1.04
2,29.556921557468,47.210434293375904,31215.355000000003,1.195
4,24.74804116654685,38.47984177595702,30064.215,0.9775
8,12.35716424786288,20.516128960568587,28682.49625,1.0985937499999998
16,6.184985837991338,13.354169581891995,26463.119375000002,1.063125
32,3.094463512144516,7.872979778486504,20387.6021875,0.953984375
