Flows,Throughput,Throughput CPU,RR,RR CPU
1,8.9051445202258,38.62068848292002,33314.11,1.03
2,8.351721949957494,40.14171297506337,32194.63,0.8
4,8.91429816295438,38.521008932424884,32121.22,1.0675
8,6.638619788771726,26.637215720137448,29420.07,0.9796875
16,4.966717220829133,22.743855067132177,27871.50875,1.0218359375000001
32,2.632128734934963,12.173570711317147,21614.4071875,0.8784765625
