Flows,Throughput,Throughput CPU,RR,RR CPU
1,4.037306178610768,25.9098726505876,16434.08,1.17
2,4.041053582340616,27.166526681533373,16699.92,1.145
4,3.6121345271377465,26.444604573613,16327.61,1.09
8,3.501725931935087,24.222059177728397,15377.62125,1.10125
16,3.2390592714025237,23.90806890211794,13667.2025,0.9675
32,2.257169845240587,21.63005307087836,11184.7053125,0.94505859375
