Flows,Throughput,Throughput CPU,RR,RR CPU
1,0.8069130419696601,50.86078741332205,3434.54,13.59
2,0.41911859286143094,27.201178517818818,3791.93,11.96
4,0.19918343976047403,13.818508787803086,2775.425,7.21375
8,0.041666089325008,5.513253945488859,1495.885,4.37484375
16,0.0187351363911761,2.8373940794116113,830.37,2.34390625
32,0.015070059528336486,1.8426942977747676,415.8096875,1.23400390625
