Flows,Throughput,Throughput CPU,RR,RR CPU
1,1.275513127250208,57.660831281422766,2902.53,13.64
2,0.6142980455446282,29.197935952373392,1327.995,5.82
4,0.19513711050545984,16.464457842810326,1830.3225,5.44125
8,0.062951844452783,6.6285726304643875,1360.99625,3.6153125
16,0.03491989241662947,3.4935951374698853,883.271875,2.306171875
32,0.01798709664648185,1.8938732002859948,361.55625,0.941591796875
