FLOWS,TCP Throughput,TCP Throughput / CPU,TCP RR,TCP RR / CPU
1,1.9217387620581785,0.12380212800325997,4211.13,732.3704347826088
2,1.967451449105945,0.09922721708232077,4667.3,322.7731673582296
4,1.9774697667851275,0.09120293135170261,4404.3975,162.6589419259533
8,1.9767476574131841,0.09078378690702998,4366.25625,80.72765721417181
16,1.9776805303824,0.08413013859004759,3086.466875,37.397553956834535
32,1.9934702421671635,0.07492094138876736,1044.1315625,11.112659145635718
