Flows,Throughput,Throughput CPU,RR,RR CPU
1,26.031929536057064,61.28532023557277,31487.32,1.18
2,10.531128822376907,35.177857210226605,30998.335,1.115
4,4.9390553973332185,15.959058896474188,30353.2775,1.135
8,1.536929040102266,6.838425581616007,29211.245,1.09375
16,0.38450140155392204,2.558914553956646,26159.310625000002,1.065625
32,0.09614719396896615,1.0634188344008257,20111.38625,0.9290234375
