Flows,Throughput,Throughput CPU,RR,RR CPU
1,7.86197925987434,66.28909701767076,14756.36,1.24
2,6.814132491903113,60.64038463494591,14434.470000000001,1.155
4,6.405231081203151,59.96178922155219,14014.057499999999,1.12
8,4.780424688726642,51.81067067505393,12909.88375,1.1
16,4.028166969534927,45.02927109453561,11349.303125,1.009296875
32,2.8383352163488302,52.430035814395886,9277.8128125,0.945947265625
