Flows,TCP Throughput,TCP Throughput CPU,TCP RR,TCP RR CPU
1,1.56224867440229,40.51890983366537,2053.69,14.15
2,0.8726048963422133,50.341804560947566,2106.135,11.46
4,0.4284094531738858,27.95524143944134,1509.69,6.818125
8,0.2225178641188212,14.320048057499108,1110.51875,4.700625
16,0.11896661548726216,7.659320576218647,463.986875,1.941171875
32,0.06035620775964175,3.9231792062784656,194.7090625,0.84505859375
