Flows,Throughput,Throughput CPU,RR,RR CPU
1,23.680581691171962,80.45811685404247,16441.54,0.98
2,22.029476913117854,87.32834073100605,16995.004999999997,0.83
4,21.52899140374321,82.09750597255209,17141.2875,0.8275
8,12.265324081969569,49.375709263862305,16798.247499999998,0.85125
16,6.1328490376542,29.835456955148814,15217.1275,0.8502734375
32,3.0740389603569698,23.08269088651031,13895.160625,0.8947265624999999
