Flows,Throughput,Throughput CPU,RR,RR CPU
1,22.63619840080164,2.1897674877512534,31487.32,1.18
2,23.663926183566076,81.74395708203701,30998.335,1.115
4,23.96862998861576,46.19872105363481,30353.2775,1.135
8,12.292457308453324,29.697780316258704,29211.245,1.09375
16,6.148360857219092,15.098584561312261,26159.310625000002,1.065625
32,3.07843799823295,9.650647507973575,20111.38625,0.9290234375
