Flows,Throughput,Throughput CPU,RR,RR CPU
1,25.582472657568914,82.145229227361,20822.03,1.19
2,20.723765964800627,86.72450587973995,22642.17,1.2
4,21.16384540278095,84.8068150257063,21333.5975,1.1
8,12.330875055118852,48.29181793805005,21101.4975,1.11
16,6.173592263337565,32.04888902986254,18845.458749999998,1.0831640624999999
32,3.090424930019489,22.08458227299802,15050.3265625,0.9796484375000001
