Flows,TCP Throughput,TCP Throughput CPU,TCP RR,TCP RR CPU
1,1.9374773640806853,10.893222951925424,3501.21,4.32
2,0.97049154896226,7.2653765182924674,3818.855,6.02
