Flows,Throughput,Throughput CPU,RR,RR CPU
1,7.635546600816092,67.030226710831,16038.36,1.27
2,6.713879309643756,58.12643795476677,15479.055,1.135
4,6.239749264236031,53.75688032998663,15538.2275,1.125
8,5.540410700633883,51.42487940053979,14302.5675,1.12375
16,4.430303131213633,47.77345117061503,12228.086875,1.0119140625
32,2.834930788495846,47.40503579219429,10085.3715625,0.9696582031250001
