Flows,Throughput,Throughput CPU,RR,RR CPU
1,7.811534810614396,66.76780759500456,15945.77,1.23
2,6.745309696031287,58.04002756723989,15654.509999999998,1.16
4,6.00725874873037,57.31783819591379,15328.285,1.145
8,6.055826884189886,59.93120559828548,14269.38,1.09375
16,4.222391968319764,52.94680859718551,12720.28875,1.0338671875
32,2.8340369525476397,44.12839724174627,9938.084375,0.939560546875
