Flows,Throughput,Throughput CPU,RR,RR CPU
1,7.570049107472757,65.5489603294131,14756.36,1.24
2,6.987712650722434,74.76156559377705,14434.470000000001,1.155
4,5.980688604931287,58.88478119061277,14014.057499999999,1.12
8,5.604741732267907,59.5851488818213,12909.88375,1.1
16,4.002345116992236,51.3879899856011,11349.303125,1.009296875
32,2.8540102374718463,51.921506002989396,9277.8128125,0.945947265625
