Flows,Throughput,Throughput CPU,RR,RR CPU
1,21.299465507529668,61.8657543255126,31487.32,1.18
2,25.062496197127214,65.06486711140498,30998.335,1.115
4,21.235886452105866,54.32009398444356,30353.2775,1.135
8,12.300647783743536,28.703905524674713,29211.245,1.09375
16,6.153770582186361,20.537202941329987,26159.310625000002,1.065625
32,3.0764679561975816,11.91026868456924,20111.38625,0.9290234375
