Flows,Throughput,Throughput CPU,RR,RR CPU
1,23.031061220486652,12.555640628937873,31487.32,1.18
2,21.553700904143348,40.07078074601099,30998.335,1.115
4,23.89773105779097,46.486119145057444,30353.2775,1.135
8,12.31153853146307,23.11752593934996,29211.245,1.09375
16,6.149138054888337,16.3125850151961,26159.310625000002,1.065625
32,3.0764863195552654,11.660782101287923,20111.38625,0.9290234375
