Flows,Throughput,Throughput CPU,RR,RR CPU
1,23.403214025188944,36.71370649492725,29376.3,1.01
2,25.54684467117506,60.08750028384366,28025.495000000003,0.985
4,23.276945891031705,47.19668991346216,29703.1,1.115
8,12.320373315095528,26.308499872661628,28479.07125,1.0875
16,6.150656965645164,15.021735201056268,25904.638125,1.060625
32,3.078301671929397,10.430206668843063,20658.8525,0.94412109375
