Flows,Throughput,Throughput CPU,RR,RR CPU
1,23.431396116297385,80.73354313069792,13719.86,1.17
2,20.67445334745686,76.80642248849865,11500.73,0.96
4,17.155857210592245,70.60168652357876,11725.685000000001,0.765
8,12.277913265288738,50.43814165049677,12650.22625,0.815
16,6.151234487651101,34.01105667023137,12531.558125,0.86875
32,3.0735669767429576,22.129066580261757,10977.0759375,0.921767578125
