Flows,Throughput,Throughput CPU,RR,RR CPU
1,21.363630358084453,10.048832764309964,31487.32,1.18
2,20.38691988006535,41.743969270712064,30998.335,1.115
4,23.84017618217793,47.64104876061743,30353.2775,1.135
8,12.300933472325799,30.695448066166914,29211.245,1.09375
16,6.151146993126611,14.551830590561986,26159.310625000002,1.065625
32,3.0778996661756683,11.403863608787512,20111.38625,0.9290234375
