Flows,Throughput,Throughput CPU,RR,RR CPU
1,7.953020220899542,99.9795449682947,22812.15,1.36
2,8.632968207459623,94.58137473769057,21593.254999999997,1.155
4,7.877536859825791,86.84307192167313,22208.31,1.1375
8,8.542832112442422,84.87677252878422,20651.87125,1.115
16,5.837366804432872,65.92759194612667,18777.390625,1.098046875
32,2.935737187864798,49.13247250758674,14622.0984375,0.9618261718750001
