Flows,TCP Throughput,TCP Throughput CPU,TCP RR,TCP RR CPU
1,1.7149313550143035,40.9469122992267,2927.65,13.57
2,0.8542924312702589,48.50609397283631,3009.285,11.98
