Flows,Throughput,Throughput CPU,RR,RR CPU
1,16.730429358227514,56.55181241193935,23367.97,1.35
2,16.866012755256254,64.66459315730235,19966.225,1.04
4,17.347204707517996,69.23964205325234,17664.48,1.06
8,12.259174702501465,49.434408220560705,16061.09125,1.0575
16,6.139053044184403,34.10125247080235,14857.40875,1.0499218750000001
32,3.074682053962923,23.68791200637106,10960.51,0.990654296875
