Flows,Throughput,Throughput CPU,RR,RR CPU
1,0.857510785194726,22.562269710685946,2971.61,12.97
2,0.5508039501045053,19.319905246408396,3219.355,12.8525
4,0.2529108453184378,12.371652876531256,3142.7275,11.35125
8,0.13458409239818547,7.416817915089878,1593.675,4.3275
16,0.0754866724369934,4.526531380134825,989.270625,2.5454296875
32,0.04877761829449268,2.7108782210368254,482.841875,1.3273046875
