Flows,Throughput,Throughput CPU,RR,RR CPU
1,24.15339038029905,9.638800318568823,31487.32,1.18
2,11.637412347941627,49.53318860912995,30998.335,1.115
4,6.418138744594996,24.78568748571935,30353.2775,1.135
8,2.886117109095634,12.396496002299978,29211.245,1.09375
16,1.4843486099907672,6.202609511245875,26159.310625000002,1.065625
32,0.7056156662156656,3.1041657661733875,20111.38625,0.9290234375
