Flows,Throughput,Throughput CPU,RR,RR CPU
1,19.41953354348131,63.7454490185079,16270.66,1.22
2,19.193192390426688,77.71991413786859,15865.77,1.165
4,17.159074820582994,67.07969639462169,15322.425000000001,1.095
8,12.111076723061503,48.13649083253234,14566.7825,1.09625
16,6.133908930390578,29.626828651662724,12838.640625,1.02625
32,3.0744725640761263,24.55797686980123,10364.0403125,0.91849609375
