Flows,Throughput,Throughput CPU,RR,RR CPU
1,7.452393753099286,67.3430186949111,14824.96,1.31
2,6.505300232017631,58.24949550548456,14305.97,1.16
4,6.077300375239146,54.22221439569064,13854.8525,1.12
8,5.489738905008766,57.0369232160014,13164.75125,1.0825
16,4.078515802694261,47.43196144520534,11467.5725,1.0165625
32,2.8348193759957288,42.72055333125419,9335.0665625,0.9559375
