Flows,Throughput,Throughput CPU,RR,RR CPU
1,29.580060763079842,14.2080823703137,28413.690000000002,1.02
2,30.04095952181042,49.59089306349542,29242.53,1.06
4,23.296947620360307,42.26185185989234,28581.885000000002,1.0625
8,12.344866493029933,22.080175892935006,28973.30875,1.1026562500000001
16,6.160411000212963,13.083394295344641,26440.58,1.06375
32,3.0820808765733005,9.443043252424589,20624.674375,0.941240234375
