Flows,Throughput,Throughput CPU,RR,RR CPU
1,27.387016269375515,16.074067192472207,28413.690000000002,1.02
2,28.05520358872131,50.562042668431694,29242.53,1.06
4,24.520108506667704,41.94362094915548,28581.885000000002,1.0625
8,12.345443998592065,23.99050170959127,28973.30875,1.1026562500000001
16,6.164330785876923,13.870143135838864,26440.58,1.06375
32,3.081961484027884,8.908552636068443,20624.674375,0.941240234375
