Flows,TCP Throughput,TCP Throughput CPU,TCP RR,TCP RR CPU
1,1.9261538240868643,11.105767987532593,3675.18,3.76
2,0.9814890690064623,7.9588121351985786,4086.67,5.9475
4,0.4913047857235987,4.127496586210222,3893.0625,5.429375
8,0.24507309371921163,2.1911212489297314,3967.965,5.468125000000001
16,0.1224725149197828,1.3036130387163802,3126.719375,4.259765625
32,0.06122044846256572,0.7112243578992017,1039.918125,1.45322265625
