Flows,Throughput,Throughput CPU,RR,RR CPU
1,9.8860063058474,53.47572219821731,16112.01,1.18
2,9.188153832550414,56.412528942161295,15627.81,1.165
4,5.682153255743715,38.744780354888235,15390.9875,1.1425
8,2.840772976625917,22.295948659250957,14482.09125,1.065
16,1.4215607936309465,14.137470407473476,12787.26,1.023125
32,0.712407253961927,10.36657314137218,10459.0175,0.9490625
