Flows,Throughput,Throughput CPU,RR,RR CPU
1,28.008176820462594,92.8202959768371,16931.48,0.99
2,26.669763195501716,92.92714628837928,17105.260000000002,0.935
4,23.999969355769743,82.22926894190068,17266.705,0.87
8,12.28034432603194,50.52039530529874,17116.2425,0.87375
16,6.141601357836131,31.723711752631687,15857.790625,0.902265625
32,3.081940920105031,21.126937289089934,13792.8415625,0.889267578125
