Flows,Throughput,Throughput CPU,RR,RR CPU
1,5.360345427383747,32.76038690048308,33126.39,1.17
2,7.901224073305749,41.32515361828426,32844.82,1.1
4,7.315800870961356,28.030170800227143,31752.8425,1.055
8,6.804785910856661,27.369232434799084,30766.61875,1.0725
16,4.447033008562367,17.84490315600007,27551.605,0.998125
32,2.4402354346039337,12.078185376307248,22174.543125,0.9253125
