Flows,Throughput,Throughput CPU,RR,RR CPU
1,10.256240508463287,57.40836683280486,32762.34,1.11
2,4.317509855871021,19.779791069991074,32802.135,1.125
4,1.85415633937821,8.765554043621702,32411.465,1.105
8,0.9828574391816245,5.988965423881634,30304.03375,1.03125
16,0.3840255069696,2.753236032681904,27463.726875,1.0164453125000001
32,0.09430786413466663,1.1376715567899356,21837.791875,0.918701171875
