Flows,UDP Throughput,UDP Throughput CPU,UDP RR,UDP RR CPU
1,0.7587371927158887,55.11544525508016,2818.43,13.72
2,0.11069363667309863,29.959185194243794,2728.165,11.3525
