Flows,Throughput,Throughput CPU,RR,RR CPU
1,8.243180660192879,17.856850919405577,24807.69,0.94
2,7.805186028181113,25.753618654014478,22270.86,0.86
4,7.11640592523155,26.68543000326113,23428.0375,0.885
8,7.4442836788978894,26.83509844187233,22870.82125,0.83125
16,4.762659286980761,18.71074810552823,21381.365625,0.799375
32,2.575990472003965,11.834088796790967,19066.0746875,0.806845703125
