Flows,Throughput,Throughput CPU,RR,RR CPU
1,3.4093305766805977,23.22026698679522,16434.08,1.17
2,3.857727242122479,25.928280596328023,16699.92,1.145
4,3.8535951693256907,25.3259403523437,16327.61,1.09
8,3.1813454565225903,27.07651074168221,15377.62125,1.10125
16,3.2035498032738885,24.12062443363718,13667.2025,0.9675
32,2.418164013331953,23.27059422185449,11184.7053125,0.94505859375
