Flows,Throughput,Throughput CPU,RR,RR CPU
1,0.8801110435157887,52.9852721500957,3555.62,13.15
2,0.07786204667489792,19.543363584892184,3758.25,12.567499999999999
4,0.20792047724154783,14.575132814857659,3618.295,8.928125
8,0.05003735414067841,6.886926798993583,1963.0075,4.615625
16,0.018417964118463352,3.055037595887075,893.668125,2.1486328125
32,0.012684806344485362,1.5683433606888622,448.9825,1.114765625
