Flows,Throughput,Throughput CPU,RR,RR CPU
1,4.093066956276797,29.5766149797162,16647.9,1.16
2,3.779719179553103,25.340052035212977,16517.825,1.16
4,3.7494417816239944,25.282895952970684,16129.975,1.105
8,3.5068198542693794,24.154314617950263,15455.34625,1.03125
16,3.027700904285887,24.058390880395084,13479.835625,1.0018359375
32,2.3524013037620564,22.65955783802536,11074.9896875,0.936875
