Flows,Throughput,Throughput CPU,RR,RR CPU
1,9.886632585134828,55.669067067495035,33092.35,1.13
2,8.463055636624539,37.47158198978852,32659.61,1.04
4,7.692507448098445,29.307676282140495,31952.1675,1.06
8,7.120438387004914,28.82268890330305,30738.225,1.0
16,4.995945437356659,20.10672290063194,27534.885,1.0078125
32,2.7153274954949147,13.188678471643003,19066.0746875,0.806845703125
