Flows,Throughput,Throughput CPU,RR,RR CPU
1,6.7905757735737104,29.4686916690112,33092.35,1.13
2,8.200289789519166,33.429320543862275,32659.61,1.04
4,7.3880856849501075,29.030081261354496,31952.1675,1.06
8,6.80557734434885,24.305983416657774,30738.225,1.0
16,4.482686716525818,17.34902400973424,27534.885,1.0078125
32,2.655596233290443,11.856279615589028,22319.75,0.9150878906250001
