Flows,Throughput,Throughput CPU,RR,RR CPU
1,1.1437829013394816,37.120137007952046,16298.11,1.23
2,1.06977283018505,34.23984487089234,15581.875,1.1225
4,1.059680560602061,34.39405603255476,15790.95,1.125
8,1.0580723881241627,34.903649602636115,14764.29,1.0475
16,0.8269941575931797,29.3757704237612,13007.564375,1.0175
32,0.6928492528742896,30.53636361897786,10408.650625,0.94818359375
