Flows,Throughput,Throughput CPU,RR,RR CPU
1,8.546971902147767,11.334255264009126,24807.69,0.94
2,8.046318391553267,30.021040216846195,22270.86,0.86
4,9.257159868681837,37.65537473459139,23428.0375,0.885
8,7.102020065711374,21.938526451598324,22870.82125,0.83125
16,4.3973848467843855,17.072141211702792,21381.365625,0.799375
32,2.7153274954949147,13.188678471643003,19066.0746875,0.806845703125
