Flows,UDP Throughput,UDP Throughput CPU,UDP RR,UDP RR CPU
1,0.0010486652916838538,0.7173776247937953,3627.53,3.75
2,0.0010486610970918979,0.3390334441287061,4320.395,5.87
