Flows,Throughput,Throughput CPU,RR,RR CPU
1,4.573698315688582,30.9485584804985,18051.73,1.0
2,5.4651600712603035,36.59165601629786,17508.34,0.875
4,6.38873638292279,44.838006715304445,11744.41,0.57
8,4.193382092837125,28.2963022041785,11208.5025,0.5675
16,4.235703330324773,34.66981787861953,5965.475625,0.29984374999999996
32,2.4935060213457008,26.04919988095251,4557.641875,0.21875
