Flows,Throughput,Throughput CPU,RR,RR CPU
1,8.565611580534776,53.779507386816825,24510.04,1.33
2,7.946413799400408,51.57924286250841,21230.605,1.0
4,8.087056922345562,62.6256339948244,17354.3375,0.773125
8,6.5697725414007735,43.17403628287432,10663.455,0.5675
16,4.58837326265044,36.415613591435,6122.72,0.33183593749999996
32,2.67960840630467,25.85954145218761,5693.2828125,0.2684375
