Flows,Throughput,Throughput CPU,RR,RR CPU
1,1.0114328179348435,32.43166948440786,15181.09,1.25
2,0.9978519702890369,30.611525375410327,14909.365,1.1724999999999999
4,0.9935113642322082,32.11584707087951,14421.775,1.1125
8,0.8875425082729057,30.127196174677323,13528.44625,1.05625
16,0.8632621737749984,30.600338490760667,12058.68625,1.015
32,0.6150757683685721,27.781405701185346,9702.7078125,0.934072265625
