Flows,Throughput,Throughput CPU,RR,RR CPU
1,8.256634763847236,52.25252791777625,17914.92,0.96
2,4.654414427398104,30.39395158950451,17929.82,0.875
4,6.253665373965948,40.151242710227876,11773.1325,0.58
8,4.453842272460611,30.41641977806178,11418.30375,0.57234375
16,3.7428124423750257,29.140289188502635,5979.365625,0.304375
32,2.521863171886745,27.88341552396605,4430.925625,0.21341796875
