Flows,Throughput,Throughput CPU,RR,RR CPU
1,4.223015929428648,27.154443664910293,11518.71,0.89
2,3.9814868178794756,27.523664797595593,11695.77,0.795
4,3.7039543479733594,24.90686377021136,12288.715,0.81
8,3.4500216225016533,23.611248033959782,11976.3325,0.83375
16,3.2515280632527386,27.994747756785934,11705.0775,0.871875
32,2.082780472219564,21.356584394523324,10739.9021875,0.9254687500000001
