Flows,Throughput,Throughput CPU,RR,RR CPU
1,1.0587706930588519,35.770877288031734,15189.77,1.23
2,1.0089063022970983,32.08356161550004,14806.45,1.135
4,0.9678118927580148,29.777537972305304,14338.2025,1.105
8,0.968917751762863,31.5379287149395,13749.11625,1.08
16,0.8572122772071498,31.50381120162265,12123.55875,1.004609375
32,0.6351218378567142,27.869382888312455,9680.488125,0.9205859375000001
