Flows,Throughput,Throughput CPU,RR,RR CPU
1,4.516288854547693,28.418014852062694,24863.41,1.2
2,6.43303046915802,44.79657957187159,22627.905,1.04
4,7.668546798730559,51.59144168854097,16944.7825,0.7625
8,5.238126004744005,37.91528409692812,11321.72125,0.55625
16,4.849450317184247,37.261471507424204,6140.816875,0.294453125
32,2.659133243089516,24.961583993087242,5695.4575,0.25882812499999996
