Flows,Throughput,Throughput CPU,RR,RR CPU
1,9.172738531798778,49.729287189688115,33092.35,1.13
2,8.453298218335167,37.15380446585618,32659.61,1.04
4,7.360888201958312,27.511697517771005,31952.1675,1.06
8,7.7118634381496785,31.767807376201915,30738.225,1.0
16,4.85435390525092,22.11450920746959,27534.885,1.0078125
32,2.5641228255451285,11.9646111229159,22319.75,0.9150878906250001
