Flows,Throughput,Throughput CPU,RR,RR CPU
1,4.433863041916383,27.614884026030644,25082.92,1.34
2,3.889205300197523,25.646814110714875,19520.335,0.97
4,3.6814428461614117,25.550735813047275,15391.5225,0.875
8,4.273329582352542,31.10596077446481,12032.963749999999,0.785
16,2.9958707901967765,26.06269735230354,9240.519375,0.661875
32,2.4136926365064144,23.772035955823196,8352.227499999999,0.7334375
