Flows,Throughput,Throughput CPU,RR,RR CPU
1,1.567053959684082,47.00933429010157,22480.25,1.26
2,1.6099748321410177,47.92363433585052,21114.445,1.15
4,1.5592649931082017,46.7890057076924,22020.3425,1.1475
8,1.5654425540275125,55.940857832697695,20594.57,1.09375
16,1.3143370445798201,55.44938911173798,18617.005625,1.0684375
32,1.1145962345197,55.20590446314033,14688.2259375,0.93310546875
