Flows,Throughput,Throughput CPU,RR,RR CPU
1,6.616894168586394,40.0705686668739,22679.61,1.26
2,8.046555542193072,59.55177221304646,22584.43,1.22
4,6.6844263731488,42.71531776471874,22501.7225,1.1475
8,6.030552905109832,38.88263206132525,20891.1925,1.07625
16,5.1882341900730875,38.219323874025086,18326.869375,1.071796875
32,2.8900133784800843,26.55004014605263,15058.391875,0.9621484375
