Flows,UDP Throughput,UDP Throughput CPU,UDP RR,UDP RR CPU
1,1.4433050783254675,73.13280036227545,3672.94,3.61
2,0.7102694362642133,37.80235093615345,4278.405,5.54
4,0.42724978710178835,19.070090477292034,4430.7625,5.938750000000001
8,0.23541330134418234,9.928773084901197,4345.0125,5.67296875
16,0.11958715422758613,4.974802495326047,2190.184375,2.65265625
32,0.0591429718093304,2.674688305662695,1251.9240625,1.459501953125
