Flows,Throughput,Throughput CPU,RR,RR CPU
1,1.0891507495824821,34.01555901138033,15754.62,1.2
2,1.1012634456400163,33.83259202236185,15880.775,1.175
4,1.057144905296873,33.38926900813654,15292.845000000001,1.0975
8,1.0493370115298384,35.366659415805586,14828.46375,1.1025
16,0.9243271441437235,31.5352578855078,12861.608125,1.01875
32,0.6474910543191581,28.151084804334335,10500.0140625,0.94591796875
