Flows,Throughput,Throughput CPU,RR,RR CPU
1,8.565611580534776,53.779507386816825,24972.69,1.27
2,7.946413799400408,51.57924286250841,22308.405,1.105
4,8.087056922345562,62.6256339948244,17492.42,0.8575
8,6.5697725414007735,43.17403628287432,11624.215,0.5875
16,4.58837326265044,36.415613591435,5365.539375,0.26875
32,2.67960840630467,25.85954145218761,5581.4934375,0.263173828125
