Flows,Throughput,Throughput CPU,RR,RR CPU
1,9.8573229386833,34.595186378857484,24807.69,0.94
2,7.848656821125269,33.37668264276015,22270.86,0.86
4,6.969403999204532,27.073483382896562,23428.0375,0.885
8,6.606006629142416,23.234767894622273,22870.82125,0.83125
16,4.565683202407601,18.389349060645436,21381.365625,0.799375
32,2.484570448776443,12.100315685141862,19066.0746875,0.806845703125
