Flows,Throughput,Throughput CPU,RR,RR CPU
1,9.161704744294937,56.001688535582375,14240.39,1.15
2,4.557769939480865,29.365848546331463,12162.09,0.9
4,5.13896703172595,34.24261619834064,11791.93,0.8
8,4.888593333782614,32.13124025931423,11654.7925,0.73703125
16,3.97274602117777,29.43999940136936,10829.311875,0.7642187500000001
32,2.3577855130409335,23.096530546028582,9062.195,0.7402734375000001
