Flows,Throughput,Throughput CPU,RR,RR CPU
1,10.128818332890335,10.59289775873432,32762.34,1.11
2,9.582186335169157,31.557200057787668,32802.135,1.125
4,8.840066890035015,29.716782849254283,32411.465,1.105
8,7.440108055296163,26.411164210474386,30304.03375,1.03125
16,5.567189720055885,25.60469135139772,27463.726875,1.0164453125000001
32,2.879898864158036,17.39937955107105,21837.791875,0.918701171875
