Flows,Throughput,Throughput CPU,RR,RR CPU
1,10.124789039385208,58.203176787716615,32762.34,1.11
2,8.138691885073822,35.85467621214793,32802.135,1.125
4,8.836024578375266,34.86792924632111,32411.465,1.105
8,8.212649762227834,31.312701555218418,30304.03375,1.03125
16,6.077422009724984,25.893741972047753,27463.726875,1.0164453125000001
32,2.8652779994329483,15.054121239521796,21837.791875,0.918701171875
