Flows,Throughput,Throughput CPU,RR,RR CPU
1,33.042127614843515,97.8873409385842,23215.91,1.27
2,25.02754293398797,71.25253825017205,23288.5,1.165
4,21.48174702115113,65.34539224735215,21849.625,1.0975
8,12.350561676771296,42.38299242685929,21700.81125,1.1375
16,6.187454947879813,22.891456436681576,20622.324375,1.13125
32,3.118070064893838,19.913322112866215,14691.096875000001,1.0558984375
