Flows,Throughput,Throughput CPU,RR,RR CPU
1,39.348916698635854,83.2303064015099,44521.81,1.21
2,39.090901735571364,77.43873437332059,42937.05,1.065
4,24.665630064105493,56.46467904442079,41913.1975,0.9875
8,12.340631769960847,31.59094797493381,41786.73375,1.0625
16,6.18608507499357,17.326751181782463,36936.89625,0.9475390625
32,3.0928934040823997,10.068742724189306,28531.419375,0.778125
