Flows,Throughput,Throughput CPU,RR,RR CPU
1,42.548203194338417,62.137669337481242,44270.46,0.96
2,40.811800942804915,56.74321305731501,42334.155,1.06
4,24.56755306827187,37.97577728557441,43822.2475,0.925
8,12.338290374090548,23.644707858907637,41355.77875,1.04625
16,6.176381091215797,13.111322083406487,34708.060625,0.88
32,3.095030546181615,9.86371094517401,28235.256875,0.81875
