Flows,Throughput,Throughput CPU,RR,RR CPU
1,39.10202014767724,85.77667231403022,36060.58,1.2
2,37.38787480252189,84.54156682920367,36116.58500000001,1.085
4,23.29661286342668,58.838852835388316,35188.0375,1.155
8,12.284042478784214,32.34140392283274,34299.94125,1.055
16,6.139205880187179,17.87224946011125,29549.631875,0.988125
32,3.078912402244848,10.079783550312747,22621.229032258063,0.8762802419354838
