Flows,Throughput,Throughput CPU,RR,RR CPU
1,33.551059291908736,78.34682127551635,26229.03,1.21
2,30.038699603360207,76.2792588247604,24949.3,1.2
4,24.56355619535597,61.66634500778722,24344.4025,1.135
8,12.252682247282733,32.0557787649927,23471.58125,1.1175
16,6.149780683511754,20.600203770187434,20276.195625,0.985
32,3.0926331097628004,14.621214270323986,17032.7728125,0.8837011718750001
