Flows,Throughput,Throughput CPU,RR,RR CPU
1,39.10202014767724,85.77667231403022,36952.19,1.39
2,37.38787480252189,84.54156682920367,34673.305,1.045
4,23.29661286342668,58.838852835388316,35510.380000000005,1.1175
8,12.284042478784214,32.34140392283274,32601.41125,0.97625
16,6.139205880187179,17.87224946011125,30841.91375,1.035625
32,3.078912402244848,10.079783550312747,24026.6925,0.8748437499999999
