Flows,Throughput,Throughput CPU,RR,RR CPU
1,41.26007388067115,92.32272476083105,36254.61,1.22
2,34.794666380487946,82.549623611297,36015.46,1.17
4,24.512462309493845,62.8365368300001,35466.07,1.1275
8,12.293049370188633,32.89703335779609,33143.1225,1.0231249999999998
16,6.145003696054761,17.03164659107176,30239.985,0.999375
32,3.0770448049006593,10.08237980922021,22546.3471875,0.87671875
