Flows,Throughput,Throughput CPU,RR,RR CPU
1,14.515542715748742,42.02246082790225,43404.95,1.09
2,12.187487441548587,23.55811762105837,45547.025,0.955
4,11.78027634935472,24.708104997472123,42786.755000000005,0.98
8,8.354000091300033,20.18149383575731,42414.09625,1.09625
16,5.28250974108855,14.164004150050017,37595.660625000004,0.9331640625
32,2.6349335697312615,6.615841969000758,29608.3665625,0.8048046875
