Flows,Throughput,Throughput CPU,RR,RR CPU
1,5.87826109179035,21.958295854924042,27476.38,1.3
2,5.34699796844879,19.79360830369407,26859.415,1.155
4,5.452735593443933,21.311463377076176,26087.1,1.055
8,5.241822735373876,21.340126876764376,25122.673749999998,1.08125
16,4.030962775167459,18.720625117240314,21040.35625,1.003515625
32,2.2955568648028253,13.689172995567073,17936.5359375,0.937060546875
