Flows,Throughput,Throughput CPU,RR,RR CPU
1,13.780865687165672,95.90679858106203,46125.04,1.09
2,13.47536670223868,97.7135506657926,43874.41,1.13
4,10.255988339065208,80.79124430719291,43424.42,1.01
8,9.16042103721694,83.7833609601873,39658.97125,0.90125
16,5.308997218023507,51.020588016933566,36125.369375,0.911875
32,2.7845238985850376,25.29437886468785,28446.9596875,0.7828125
