Flows,Throughput,Throughput CPU,RR,RR CPU
1,14.239532256155917,99.88594279203113,46125.04,1.09
2,9.926432636091644,94.21442923962331,43874.41,1.13
4,9.545165749182978,78.71451217678862,43424.42,1.01
8,7.729946699802305,71.72063903813277,39658.97125,0.90125
16,4.554975193166342,40.76527979908718,36125.369375,0.911875
32,2.7670388068288903,19.925712616775915,28446.9596875,0.7828125
