Flows,Throughput,Throughput CPU,RR,RR CPU
1,13.659646136920044,94.1042031756711,36885.89,1.26
2,12.435997028550613,97.65268255570376,33016.16,0.94
4,10.090293433319548,87.38467783994221,22294.552499999998,0.6325
8,8.707413955137355,75.29272408781688,16754.2075,0.51125
16,5.280608222210664,43.27232247359455,11015.811875,0.336875
32,2.773879506476148,23.096754695485394,7595.8640625,0.224541015625
