Flows,Throughput,Throughput CPU,RR,RR CPU
1,13.659646136920044,94.1042031756711,34923.78,1.31
2,12.435997028550613,97.65268255570376,34546.759999999995,1.18
4,10.090293433319548,87.38467783994221,34461.3625,1.1725
8,8.707413955137355,75.29272408781688,32609.4275,1.095
16,5.280608222210664,43.27232247359455,29243.7175,1.020546875
32,2.773879506476148,23.096754695485394,23812.6859375,0.9153125
