Flows,Throughput,Throughput CPU,RR,RR CPU
1,13.71386079223073,57.587611931542426,37806.35,1.08
2,11.790868924057044,43.284587203611125,32857.78,0.91
4,11.054811493246849,48.77370188533213,21889.0025,0.61
8,7.859149291536821,33.276968328788236,16521.5125,0.50375
16,4.665438868939018,21.083940845593677,10157.720625,0.30375
32,2.733262539464214,15.785066618778385,7540.765625,0.218369140625
