Flows,Throughput,Throughput CPU,RR,RR CPU
1,36.55906644870204,85.13677166618793,26016.23,1.7
2,35.28394563213793,84.35639007616928,25766.765,1.61
4,24.69784710158743,69.83912805152735,27073.61,1.4825
8,12.359148050163189,50.632684207350984,28202.05125,1.29875
16,6.186127957968069,34.61061448730674,26211.7675,1.2925
32,3.097703858663486,24.006761436429993,20975.0940625,0.98638671875
