Flows,Throughput,Throughput CPU,RR,RR CPU
1,38.025585213828954,78.7024530771343,26102.91,1.46
2,29.94312229960063,67.43906814618602,25313.434999999998,1.165
4,24.338920986161536,69.56132988562685,24620.6675,1.08
8,12.256615036406226,30.515893017165585,22664.55125,1.0375
16,6.146720784580581,22.312991801613723,21439.794375,1.0446875
32,3.092033742114792,14.19207613165682,15616.6540625,0.888935546875
