Flows,Throughput,Throughput CPU,RR,RR CPU
1,3.2303676647360473,71.52308635884856,26615.22,1.66
2,3.1551255132445455,72.74369647775731,26866.989999999998,1.55
4,2.78518257518736,67.26181608372065,26177.5025,1.4925
8,2.8637435127793403,70.5358308411787,26773.24,1.3796875
16,2.781486323589382,68.13511829557285,23744.260625,1.228046875
32,1.8019251209494758,54.600768891467155,21425.5965625,0.97755859375
